date_posted,company,job_type,expected_start_date,salary_range,job_description
2025-09-30,Two95 International Inc.,contract,,"$88,366 - $88,366","Job Title: Python Developer Location: New York, NY Duration: 6 months Core Requirements: •Bachelor’s degree in Computer Science or related field preferred •5 years of professional experience •Python expertise fundamentals, programming, pandas and other libraries •Strong SQL and Linux skills •Strong troubleshooting skills •Excellent communication skills Benefits Note : If interested please send your updated resume and include your rate requirement along with your contact details with a suitable …"
2026-01-26,Huntress Talent,,,"$144,589 - $144,589","In our mission to be the most successful investment team in the world, we hire the brightest minds in technology, research, and finance to create innovative solutions that impact the financial markets and take data analysis to new levels. Software Engineers create next generation software solutions to support business areas across the firm. Software Engineers work closely with business leaders to develop and deliver custom software solutions that optimize performance and efficiency. Responsibil…"
2026-01-13,Finoit Inc,,,"$99,066 - $99,066","Python Consultant NYC (Onsite, 5 days/week) Contract: 6 months (possible extension) Rate: $500-600/Day Local candidates only We're looking for a strong full-stack Python/Data Engineer to build scalable data products and AI-driven applications. Tech stack: Python/Django, AWS, PostgreSQL, Angular, Snowflake, dbt, Kubernetes (EKS), Terraform, GitHub Actions, Elasticsearch, SageMaker. What you'll do: Build end-to-end data and application pipelines Develop APIs, data models, and UI components Write …"
2025-09-02,Vibotek LLC,,,"$95,645 - $95,645","We're Hiring: Python Developer Location: Jersey City, NJ Employment Type: Full-Time (W2) Are you a skilled Python Developer ready to take on a dynamic role in the financial tech industry? Looking for experienced developers to join our team in Jersey City, NJ. Youll work on innovative applications used for Independent Price Verification (IPV) within the Global Markets business. Key Responsibilities: Develop object-oriented Python software on the proprietary Quartz platform. Build REST APIs and d…"
2025-11-19,Laboro,,full_time,"$83,296 - $83,296","Description Laboro is seeking a talented MID_SENIOR Python Developer to join our dynamic Information Technology/IT team in New York. As a Python Developer, you will be responsible for developing high-quality software solutions, collaborating with cross-functional teams, and contributing to the innovation and growth of our projects. This is a full-time position that requires on-site work, offering a stimulating environment for professional development and career advancement. Responsibilities: De…"
2024-07-31,skillsoniq,,full_time,"$101,083 - $101,083","Job Responsibilities: Writing reusable, testable, and efficient code Design and implementation of low-latency, high-availability, and performant applications Integration of user-facing elements developed by front-end developers with server side logic Implementation of security and data protection Integration of data storage solutions {{may include databases, key-value stores, blob stores, etc.}} {{Add other responsibilities here that are relevant}} Job Skills: Expert in Python, with knowledge o…"
2026-01-30,Neuberger Berman,,,"$131,461 - $131,461","We're looking for a Full Stack Python Developer to join our Equities Technology team. You'll work alongside experienced engineers to design, develop, and deploy scalable applications that support our equities investment strategies. This is an excellent opportunity to grow across the stack at the intersection of finance and technology. Key Responsibilities Design, develop, and enhance applications that support trading, portfolio management, and analytics for equities investment teams. Build RE…"
2026-01-29,Akaasa Technologies,,,"$148,402 - $148,402","Job Title: Senior Python Developer (LLM & Azure) Location: New York City 4 days onsite (Final round onsite mandatory) Only Local Candidates Job Summary: We are seeking a Senior Python Developer with strong experience in Large Language Models (LLMs) and Azure cloud to design, build, and deploy AI-powered applications and scalable backend systems. The ideal candidate will have deep hands-on expertise in Python development, Azure services, and productionizing GenAI/LLM solutions. Required Skills: …"
2025-09-30,Two95 International Inc.,contract,,"$97,089 - $97,089","Job Title: Python Developer Location: New York, NY/ Chicago, IL Duration: 6 months No Of Openings: 3 Core Requirements: •Bachelor’s degree in Computer Science or related field preferred •5 years of professional experience •Python expertise fundamentals, programming, pandas and other libraries •Strong SQL and Linux skills •Strong troubleshooting skills •Excellent communication skills Note : If interested please send your updated resume and include your rate requirement along with your contact de…"
2025-12-08,28Stone,,full_time,"$109,607 - $109,607","28Stone is a full service custom solutions firm. We offer a wide range of services - from ‘tip of the spear’ advisory, application design, system architecture to implementation, testing and deployment. We partner with the world’s leading financial institutions to design and build robust financial applications that improve their business performance while reducing system risk, cost and time to market. We develop technology of value: we are proud of our proven track record of delivering quality r…"
2026-01-07,Citigroup,,,"$213,209 - $213,209","Citi Innovation Labs is a global network of innovation centers focused on delivering cutting edge solutions to all of Citi's lines of business. Our Mission is to create a competitive advantage for our clients, manifested as change in the way they operate, by providing innovative technological solutions with strong client engagement, from idea to production, and by leveraging the entrepreneurial spirit and technological excellence fostered in the Innovation Labs. Our Labs Network is a global org…"
2026-01-27,VDart Inc,,,"$135,200 - $141,440","Role: Senior Backend Python Developer Loc: NYC, NY onsite Contract Mode of Interview: Inperson Client Interview (F2F) Exp:10 Role Description: The role is part of the Senior Cloud Platform Engineer who will be responsible for designing and developing solutions necessary for cloud adoption and automation for eg build libraries patterns standards governance and deploy everything via code IaC. This role will also require person to have strong hands on Cloud Components and service with development …"
2026-01-27,TEKsystems,,,"$120,627 - $120,627",Description Our client is seeking an experienced Python Developer to join the Time Series Market Data team. This role focuses on building scalable systems that process large volumes of data and deliver reliable Python-based services in high-demand environments. The ideal candidate will design and implement robust solutions that empower business users and ensure system resiliency at scale. Top 3 Skills ? Hands-on development with enterprise Python platforms for ETL and application workflows ? Fa…
2025-11-14,Trident Consulting,contract,,"$123,864 - $123,864","Role: Python Developer Location: Jersey City NJ/ Charlotte NC - Hybrid 2 to 3 days onsite Type: Contract Rate: $65/hr Description: • 5 year of development experience in Python is mandatory, with optional experience in Databricks and Azure cloud computing. • Knowledge of database systems (e.g., SQL, NoSQL) and distributed computing frameworks. • Create and deploy applications in Azure environment with various interconnected azure components. • Understand and enhance front-end applications using …"
2025-12-03,Accenture,,,"$268,946 - $268,946","Accenture Flex offers you the flexibility of local fixed-duration project-based work powered by Accenture, a leading global professional services company. Accenture is consistently recognized on FORTUNE's 100 Best Companies to Work For and Diversity Inc's Top 50 Companies For Diversity lists. As an Accenture Flex employee, you will apply your skills and experience to help drive business transformation for leading organizations and communities. In addition to delivering innovative solutions for …"
2025-06-04,Benton Partners,,,"$147,124 - $147,124","1) front office developer 3 - 6 yrs of exp strong python good fi they have equitiesk knowledge. not equity fundamental but equities index. hm? reports into subhek d2d - working w pm desk as a developer, but not working on strategy but tech side of things - onboarding data from data platform or building apps, dashboards, data analysis. equities is helpful but ovealall fin markets exp could work. pandas, scipu robert vann - goldman and bloomberg wodlnt work. no hf exp - the dev environment is too…"
2026-01-30,Akaasa Technologies,,,"$153,036 - $153,036","Senior Python Developer (LLM & Azure) Location: New York City 4 days onsite (Final round onsite mandatory) Only Local Candidates Need very senior profile. Job Summary: We are seeking a Senior Python Developer with strong experience in Large Language Models (LLMs) and Azure cloud to design, build, and deploy AI-powered applications and scalable backend systems. The ideal candidate will have deep hands-on expertise in Python development, Azure services, and productionizing GenAI/LLM solutions. Re…"
2026-01-25,SelektIT,,,"$116,622 - $116,622","Senior Python Developer with ML Expertise Are you a passionate Python developer with a knack for machine learning? Selekit is on the hunt for a talented individual to join our innovative team remotely from anywhere in the USA. We're building cutting-edge solutions that drive real impact, and we need your expertise to take our ML projects to the next level! Role Overview: Develop and implement machine learning models using Python to solve complex problems. Collaborate with cross-functional teams…"
2025-12-11,Bright Vision Technologies,permanent,,"$99,399 - $99,399","Position: Senior Software Engineer / Python Developer Location: Remote Duration: Permanent Required Skills CS fundamentals (data structure and algorithms) Deep knowledge of modern web applications Expertise in Python Proficiency in JavaScript/TypeScript/React Good knowledge of MongoDB or SQL Proficiency with Git and Docker (Kubernetes is a plus) Excellent problem-solving, troubleshooting, and debugging skills Strong communication and collaboration skills Preferred or Nice-to-have Skills Experie…"
2026-01-30,ION Group,,full_time,"$140,000 - $210,000","The Role Lab49 is seeking a skilled Python Developer to work on complex and challenging projects that drive transformative change for top-tier financial services clients. The role involves building next-generation financial systems, developing high-quality, scalable microservices, and creating systems to process various data streams using cutting-edge technologies. Operating in an Agile environment, this position requires strong expertise in Python, experience with market and credit counterpart…"
2026-01-01,Colony Capital,,full_time,"$197,326 - $197,326","Gelfand, Rennert & Feldman is seeking a Senior Python Developer to join our team of dedicated professionals. This is a remote position but this candidate should be based and operating in the Eastern Time Zone (EST). They will be collaborating with teams across all (10) Gelfand, Rennert & Feldman offices. The Senior Python Developer is responsible for assisting the Firm’s Royalty Data Intelligence (“RDI”) team with taking complex data issues facing the business and simplifying them through autom…"
2026-02-01,Morgan Stanley,,full_time,"$120,000 - $165,000","About Us The Firm Market Risk Technology Team develops software to measure and monitor Market Risk and Capital for the Firm's global portfolio. We are responsible for designing and implementing technology solutions that calculate and assess the Market Risk of the Firm. Our systems support daily risk simulations and analytics that estimate potential losses across different time horizons. We work closely with Risk Managers, Market Risk Analytics teams, Senior management, and various regulatory bo…"
2025-11-19,S3,contract,full_time,"$208,000 - $228,800","Job Description STRATEGIC STAFFING SOLUTIONS (S3) HAS A JOB OPENING! This is a W2 opportunity. No CORP TO CORP please Title: Lead Python Developer/Architect Location: New York, NY/Iselin, NJ Role Type: Permanent Hire Schedule: On-site This position is hybrid, requiring 5 days in the office over a 2-week period, based in the New York/New Jersey area. Top Skills: Python, SQL, GraphQL, and Databricks as must-have skills. Python 8 years, SQL, Graph - all 3 are must-haves; Leadership is needed. Job …"
2025-11-14,Prolific,,,"$75,792 - $75,792","AI Trainer - Advanced Python Developers About Prolific Prolific is not just another player in the AI space – we are building the biggest pool of quality human data in the world. Over 35,000 AI developers, researchers, and organizations use Prolific to gather data from paid study participants with a wide variety of experiences, knowledge, and skills. The role We’re looking for Python Developers to help train and evaluate cutting-edge AI models. If you have the necessary experience, we’ll send yo…"
2026-01-31,Neuberger Berman,,full_time,"$90,000 - $110,000","We're looking for a Full Stack Python Developer to join our Equities Technology team. You'll work alongside experienced engineers to design, develop, and deploy scalable applications that support our equities investment strategies. This is an excellent opportunity to grow across the stack at the intersection of finance and technology. Key Responsibilities Design, develop, and enhance applications that support trading, portfolio management, and analytics for equities investment teams. Build REST…"
2026-02-02,Mindrift,contract,part_time,"$102,946 - $102,946","Please submit your CV in English and indicate your level of English proficiency. Mindrift connects specialists with project-based AI opportunities for leading tech companies, focused on testing, evaluating, and improving AI systems. Participation is project-based, not permanent employment. What this opportunity involves While each project involves unique tasks, contributors may: Coordinate cross-language migration workflows by analyzing C/Rust/Go codebases to create behavioral tests and migrati…"
2026-01-22,CVS Health,,,"$157,969 - $157,969","We're building a world of health around every individual - shaping a more connected, convenient and compassionate health experience. At CVS Health®, you'll be surrounded by passionate colleagues who care deeply, innovate with purpose, hold ourselves accountable and prioritize safety and quality in everything we do. Join us and be part of something bigger - helping to simplify health care one person, one family and one community at a time. Position Summary If you're eager to make a real impact i…"
2024-08-07,SourcePro Search,,,"$145,419 - $145,419","We are seeking a highly skilled Python & C++ Developer to augment our testing tools and automated testing platform for our esteemed trading firm client. These indispensable tools play a pivotal role in evaluating the robustness of our client's state-of-the-art exchange technology ecosystem. The ideal candidate's key responsibilities will be to enhance our automated testing tools by developing new features, developing interfaces to support connectivity options and to update the product to suppor…"
2026-01-02,Infosys,,full_time,"$109,426 - $109,426","Infosys is seeking a Python Lead Developer . In this role, y ou will enable digital transformation for our clients in a global delivery model, research on technologies independently, recommend appropriate solutions and contribute to technology-specific best practices and standards. Y ou will be responsible to interface with key stakeholders and apply your technical proficiency across different stages of the Software Development Life Cycle. You will be part of a learning culture, where teamwork …"
2025-09-05,SMBC,,,"$151,703 - $151,703","SMBC Group is a top-tier global financial group. Headquartered in Tokyo and with a 400-year history, SMBC Group offers a diverse range of financial services, including banking, leasing, securities, credit cards, and consumer finance. The Group has more than 130 offices and 80,000 employees worldwide in nearly 40 countries. Sumitomo Mitsui Financial Group, Inc. (SMFG) is the holding company of SMBC Group, which is one of the three largest banking groups in Japan. SMFG's shares trade on the Tokyo…"
2025-11-12,Polar IT Services,,,"$147,397 - $147,397","Hello Folks, Please find the below requirement. Jon Title : AWS Python Lead Developer (Its a backfill role) Location : NYC Duration : Long - Term Mode Of Work: 3days Hybrid Note: Looking for 12years profiles and who are locals to NY/NJ only Visa: USC, GC, GC EAD, H4 EAD only Note this requirement is for full stack engineer – React/Python/Postgres Responsibilities: Contribute to the design, development, and deployment of the firm’s central data marketplace platform, ensuring scalability, perform…"
2026-01-19,Softcom Systems Inc,,,"$112,681 - $112,681","Job Description Job Description Role: Backend Developer Location: New York, NY Job Type: Fulltime - Onsite (5 days/week) Requirements: 5 years of hands-on backend development experience working on complex, production-grade systems. Strong proficiency in Python (mandatory). Candidates without deep, real-world Python experience will not be considered. Demonstrated experience building backend-heavy, product-driven applications (not limited to internal tools, pipelines, or reporting systems). Prove…"
2025-04-28,JPMorgan Chase & Co.,,full_time,"$152,000 - $215,000","Description We have an opportunity to impact your career and provide an adventure where you can push the limits of what's possible. As a Lead Software Engineer at JPMorgan Chase within the Infrastructure Platforms, you are an integral part of an agile team that works to enhance, build, and deliver trusted market-leading technology products in a secure, stable, and scalable way. As a core technical contributor, you are responsible for conducting critical technology solutions across multiple tech…"
2025-11-26,Capgemini,,,"$158,009 - $158,009","Python Risk Model Developer (SQL & Unix) Choosing Capgemini means choosing a company where you will be empowered to shape your career in the way you'd like, where you'll be supported and inspired by?a collaborative community of colleagues around the world, and where you'll be able to reimagine what's possible. Join us and help the world's leading organizations?unlock the value of technology and build a more sustainable, more inclusive world. Job Location: NY Works in the area of Software Engine…"
2025-07-04,Tower Research Capital,,,"$169,019 - $169,019",Tower Research Capital is a leading quantitative trading firm founded in 1998. Tower has built its business on a high-performance platform and independent trading teams. We have a 25 year track record of innovation and a reputation for discovering unique market opportunities. Tower is home to some of the world’s best systematic trading and engineering talent. We empower portfolio managers to build their teams and strategies independently while providing the economies of scale that come from a l…
2024-08-08,Quanta Search,,,"$176,203 - $176,203","Our client (a world leading hedge fund) seeks a Python Software Developer. Please read requirements carefully before applying Responsibilities: - conceptualizing and constructing advanced analytical instruments and platforms - streamlining end-to-end trading processes - improving the portfolio optimization system - enhancing the business's capacity for expansion Requirements: - Educational background in a technical discipline (Bachelor's, Master's, or Doctorate) from a prestigious institution. …"
2025-12-31,SMBC Group,,full_time,"$139,089 - $139,089","SMBC Group is a top-tier global financial group. Headquartered in Tokyo and with a 400-year history, SMBC Group offers a diverse range of financial services, including banking, leasing, securities, credit cards, and consumer finance. The Group has more than 130 offices and 80,000 employees worldwide in nearly 40 countries. Sumitomo Mitsui Financial Group, Inc. (SMFG) is the holding company of SMBC Group, which is one of the three largest banking groups in Japan. SMFG’s shares trade on the Tokyo…"
2026-01-29,Saransh Inc,,,"$94,480 - $94,480","Job Description : At least 8-10 years of hands-on experience in Snowflake & related data platforms Working knowledge of Python, especially for automation and data orchestration use cases. Experience with SAML and SCIM integrations for identity and access management Proficiency in configuring new Snowflake accounts and setting up PrivateLink for secure connectivity. Deep understanding of Snowflake sharing capabilities, Listings (auto fulfillment), and Marketplace features. Hands-on experience wi…"
2024-08-18,Quanta Search,,,"$159,044 - $159,044","Our client is a world renowned Investment Bank with offices in NYC. WHAT IS THE OPPORTUNITY?  Our Trading Services team is responsible for developing and supporting trading platform (order management, market data, trading workflow, etc.) for equities, equity derivatives and other products  This position will provide technical leadership, develop, and maintain core trading infrastructure for various desks such as Flow Trading, Delta One, Structured Products, etc. WHAT WILL YOU DO?  Implement …"
2024-12-20,Pierce Technology Corp,contract,,"$63,919 - $63,919","As a Jr Developer specializing in Python and SQL within the Financial Services domain, you will work closely with senior developers and project managers to design, develop, test, and maintain software applications. You will support the development of data pipelines, automate processes, and help optimize performance for financial applications. Key responsibilities include writing clear and efficient code, collaborating with cross-functional teams to gather requirements, performing regular testin…"
2026-01-14,Citigroup,,,"$199,090 - $199,090","We are seeking a skilled and motivated Python and Database Developer to join our dynamic technology team. The ideal candidate will possess strong programming skills in Python, a solid understanding of database systems, and the ability to design, develop, and maintain efficient and scalable applications. This role involves working on a variety of projects, including data processing pipelines, web applications, and database integrations. Responsibilities and Duties: Data Engineering Leadership: …"
2026-01-19,Pierce Technology Corp,,,"$66,026 - $66,026","Job Description Job Description As a Jr Developer specializing in Python and SQL within the Financial Services domain, you will work closely with senior developers and project managers to design, develop, test, and maintain software applications. You will support the development of data pipelines, automate processes, and help optimize performance for financial applications. Key responsibilities include writing clear and efficient code, collaborating with cross-functional teams to gather require…"
2025-07-31,Elliot Partnership,,full_time,"$146,349 - $146,349","We are seeking a Quant Developer to work for a top tier hedge fund with a strong commitment to leveraging market innovations in technology and data to deliver high-quality returns. Working within a systematic global macro team based in New York with a focus on applying cutting edge statistical and machine learning techniques to short-term strategies in futures, swaps, and FX markets. Preferred Location: New York Principal Responsibilities Partner closely with the Senior Portfolio Manager to dev…"
2026-01-07,Eliassen Group,,,"$108,295 - $108,295","Informatica Developer with Python, Contract to hire/Hybrid NYC. New York, NY Type: Contract-to-Hire Category: Engineer Industry: Financial Services Reference ID: JN -122025-104743 Date Posted: 01/13/2026 Shortcut: http://careers.eliassen.com/vASQtX Description Recommended Jobs Description: Hybrid role | 2 days a week onsite in New York City Interview type, virtual then onsite (no travel or relocation expenses will be provided. We are seeking a Senior Informatica Developer to join the HR Techn…"
2026-02-02,Jobs via Dice,,full_time,"$79,200 - $178,100","Salary: $79,200 - 178,100 per year Requirements: 3-5 years of software development experience Proficiency in JavaScript and React for building user interfaces Familiarity with Oracle JET is preferred but not mandatory Experience in client-side and server-side development Understanding of REST APIs Preferred background in IoT development Exceptional verbal and written communication abilities Capacity to think systemically, shifting between abstract concepts and detailed execution Open-mindedness…"
2025-10-29,Elliot Partnership,,full_time,"$160,130 - $160,130","Software Systems Developer - (Linux & Python/Go) New York, NY (Hybrid, 3 days in office) Highly competitive compensation package Join an elite technology and research group at the forefront of global finance, where world-class engineering and quantitative research converge to solve some of the most complex problems in any industry. Their teams are composed of passionate problem-solvers who operate in a dynamic, large-scale IT environment. We are seeking a visionary engineer to lead critical rel…"
2026-01-16,NBCUniversal,,,"$121,133 - $121,133","Job Description We’re hiring a Senior Software Engineer who is genuinely excited about technology, continuous learning, and shaping modern engineering practices. This role is well suited to someone who thrives in environments where knowledge is openly shared and engineering teams help set technical direction. A strong interest in Python development, search technologies, B2B services, and AWS-based serverless architectures are your keys to success. This position joins our “Titles and Metadata” o…"
2026-01-28,"Computing Concepts, Inc.",,,"$70,973 - $70,973","Senior Software Engineer Broadway NY.(Hybrid) Contract to hire. Must and Should: Python, SQL, COBOL, DOS batch, Server Reporting Services referred, Visa: USA / GC - W2 position Client: R&T Deposits solution Responsibilities: Design, develop, and maintain high-quality software solutions using Python, SQL and DOS batch files. Develop and maintain complex SQL queries, stored procedures, and functions. Design and develop reports. Collaborate effectively within the development team. Qualifications: …"
2026-02-03,VSG Business Solutions LLC,,,"$114,400 - $114,400","Exp Level: 10 years Dear Partners, Enclosed below, please find detailed JD for Application Developer Requirement with our Direct Client in New York, NY (5 resources needed). Kindly email me the most qualified candidate resume in word format, along with contact information. Please note that the candidate will need to work on Citadel Information Services, Inc W2 Proficiency in programming languages like Java, C#, or Python; experience with development frameworks. Summary: Designs, codes, tests, a…"
2026-01-30,Staffingine LLC,,,"$114,400 - $135,200","Job Title: Software Engineer - Media Platform (Python/AWS) Job Location: New York, NY Job Type: Contract Job Description: Design, develop, and maintain serverless applications using AWS Lambda, Step Functions, SQS, DynamoDB, and S3 Build and deploy infrastructure using AWS CDK (Python) Develop media processing workflows including video transformation, transcoding, watermarking, and timed text operations Integrate with media processing services like AWS MediaConvert, Hybrik, and Nielsen encoding…"
2026-02-03,Eleven Recruiting & Consulting Services LLC,contract,full_time,"$135,200 - $176,800","About Eleven Recruiting We are a specialized technology staffing agency supporting professional and financial services companies. Why do we stand out in technology staffing? We listen and act as advisors for our candidates on how they can best add value, find interesting projects, and pave a path for career advancement. We advocate for the best pay, diversity in tech, and the best job fit for every candidate we place. Our client, a leading investment firm, is seeking a Full Stack Engineer to jo…"
2026-01-30,Cloudious LLC,,,"$124,800 - $135,200","Job Title: Software Engineer - Media Platform (Python/AWS) Location: New York, NY Work Mode: Onsite Pay Rate: $65/hr About the Role We are seeking a skilled Software Engineer to join our team, a media file transformation and content distribution platform built on AWS. You will develop and maintain serverless workflows that power media operations for content distribution deals and internal content supply pipelines. Responsibilities Design, develop, and maintain serverless applications using AWS …"
2025-10-29,Jefferies Financial Group,,full_time,"$175,000 - $200,000","Description About the Role The Equities – Prime Services technology team is looking for a technically strong and motivated Java developer to join the OTD technology group. This role focuses on the design, development, and support of strategic trading systems that serve a global OTD user base. This role entails coordinating with users, business analysts to build the OTD data hub platform for the US business and support the new trading desk expand to other regions. Key Responsibilities Hands-on d…"
2026-01-30,SynergisticIT,,,"$143,329 - $143,329","""Stop Failing Interviews—Start Owning Them” For jobseekers who get interviews but don't convert them into offers If you're getting interviews but not offers, you're closer than you think—yet that final gap can feel brutal. Many candidates spend months learning frameworks and finishing courses, only to freeze during technical screens, system questions, or behavioral rounds. The result is painful: ""almost hired” over and over again, while the confidence drops. The truth is that interviewing is it…"
2025-12-14,Fortitude Re,,,"$116,329 - $116,329","The Senior Associate, Actuarial Applications will support actuarial technology initiatives and be responsible for data and applications for use across our Actuarial teams. The primary role is to build and deploy well-governed applications to ensure data and application flows are automated and offer end-to-end processing using a cloud-first enterprise technology stack. This role will be based in our Jersey City, NJ office on a hybrid basis. What You Will Do: Implement strategic and tactical init…"
2025-11-15,Five Rings,,full_time,"$114,289 - $114,289","About Five Rings Five Rings is a proprietary trading firm founded with a vision of combining strategy, innovation and technology to succeed in today’s global markets. With offices in New York, Boca Raton, London and Amsterdam, Five Rings trades in various domestic and international markets, both established and esoteric. Our team constantly seeks new opportunities, analyzes their risks and rewards, and creates strategies and tools to capitalize on them. We have an open culture and encourage the…"
2026-01-30,JPMorganChase,,full_time,"$118,750 - $160,000","Description Join our collaborative and innovative team, where your expertise in capacity management will help shape the future of our technology. We value diverse perspectives and are committed to fostering an inclusive environment where everyone can thrive and contribute to impactful solutions. As an Infrastructure Engineer III-Capacity Management at JPMorgan Chase within the Corporate Technology Information Management team, you utilize strong knowledge of software, applications, and technical…"
2026-01-16,NBC Universal,,,"$373,548 - $373,548","NBCUniversal is one of the world's leading media and entertainment companies. We create world-class content, which we distribute across our portfolio of film, television, and streaming, and bring to life through our global theme park destinations, consumer products, and experiences. We own and operate leading entertainment and news brands, including NBC, NBC News, NBC Sports, Telemundo, NBC Local Stations, Bravo, and Peacock, our premium ad-supported streaming service. We produce and distribute…"
2025-07-31,Elliot Partnership,,full_time,"$152,817 - $152,817","Senior Security Infrastructure Engineer for a leading Quant Firm Hybrid working in New York Highly competitive compensation package Are you an experienced security-focused systems engineer looking to work on complex, large-scale infrastructure? A leading technology-driven firm is seeking a Senior Security Infrastructure Engineer to help design and enhance its global security framework. This role offers the opportunity to work in a high-impact, collaborative environment at the intersection of se…"
2025-12-14,iCapital,,full_time,"$298,850 - $298,850","About the Role The Full Stack Engineer at iCapital will work end-to-end on new features, enhancements, and defect resolution on one or more of iCapitals software platforms. You will work closely with our Product Management team throughout the software development process, detailing requirements, reviewing work in progress, and addressing issues found in manual test efforts. Responsibilities Web application development in Typescript as front end and Python as a backend. Strong grasp of system de…"
2025-10-03,UJA Careers,,full_time,"$90,000 - $100,000","The Data Engineering and Architecture team at UJA-Federation of New York is seeking an experienced Data Engineer . The ideal candidate will bring strong expertise in Python development for data-intensive applications, coupled with familiarity in Azure DevOps practices and some familiarity with Infrastructure as Code (IaC) approach.â¯This role involves building scalable data pipelines, improving data quality and reliability, and collaborating with cross-functional teams to support analytics, re…"
2025-10-20,JPMorgan Chase,,,"$251,415 - $251,415","Be an integral part of an agile team that's constantly pushing the envelope to enhance, build, and deliver top-notch technology products. As a Senior Lead Software Engineer at JPMorgan Chase within the Commercial & Investment Bank Markets Data Lake Platform Engineering team, you will be an essential member of an agile team dedicated to enhancing, building, and delivering trusted market-leading technology products in a secure, stable, and scalable manner. You will drive significant business impa…"
2026-01-16,Capgemini,,,"$156,375 - $156,375","LLM Experienced professional opportunity in NYC Choosing Capgemini means choosing a company where you will be empowered to shape your career in the way you'd like, where you'll be supported and inspired by?a collaborative community of colleagues around the world, and where you'll be able to reimagine what's possible. Join us and help the world's leading organizations?unlock the value of technology and build a more sustainable, more inclusive world. Onsite Location: New York Job Description Stro…"
2024-08-02,Lifeposts,contract,part_time,"$102,974 - $102,974","LifePosts is looking for full-stack developers with particular fluency in Python/Django developer (3 years experience) to join our technology team. Our stack is Django/Python, Postgresql and Celery, running on Heroku. An ideal candidate will have proficiency both with the back end code as well as HTML/JS/CSS. LifePosts is a fast-moving early-stage startup, so you should be comfortable working independently, and interacting directly with business stakeholders and project managers. Sense of humor…"
2024-08-08,Quanta Search,,,"$172,399 - $172,399","OUR CLIENT, A PROSPEROUS ASSET MANAGER, IS SEEKING A DATA ENGINEER As a part of their stellar research team—Market Intelligence—you’ll partner with investment professionals and Compliance team to uncover insights about companies, industries, and the broader economy through deep fundamental research and applying data science and engineering techniques to alternative data sets. You’ll work alongside a talented team with diverse skills, backgrounds, and perspectives. Researchers, product managers,…"
2025-12-06,Vatic Labs,,,"$125,000 - $250,000","Our technology team is seeking talented engineers who are interested in building and supporting globally distributed trading and research systems. You will collaborate with software, hardware, and systems engineers to build and optimize tools that will improve the efficiency and operations of our systems. Strong Python and CI/CD skills are a must, as is a keen eye for automation. Given our growth and expansion plans, there is tremendous opportunity for contribution and expansion of your skills …"
2024-08-07,Vatic Labs,,,"$175,000 - $275,000","Vatic is looking for an AI engineer with proven experience with large foundational models. Our environment is highly collaborative, fostering innovation and growth. We are interested in a variety of data modalities (language, vision, multimodal, and structured data) and modern model architectures. We are looking for team players who are interested in developing next-generation platforms and tools for Machine Learning as well as conducting state-of-the-art research. As an AI Engineer you will: P…"
2025-08-08,JPMorgan Chase,,,"$167,406 - $167,406","Open source is a critical component to the software development lifecycle (SDLC) at JPMorganChase. At JPMC we build with open source, engage with open source forums and communities, and contribute open source code to the upstream repositories of projects we consume. As a Product Manager in the Office of CTO you are an integral part of the team that innovates new product offerings and leads the end-to-end life cycle that encompasses our open source software use at the firm. As a core leader, you…"
2026-01-15,Realtech Services,,,"$120,849 - $120,849","Job title: Senior Java Developer (Trading Experience) Work location: 1271 NYC Work schedule: Hybrid (50%) Required years of experience: min 10 years Interview Process: Inperson interview for level 2 (Locals required) Job Description: Here are some criteria I am looking for. • 100% hands-on Front Office Java Developer (with python is a plus), with good understanding of backend and front-end technologies (e.g. html, css, javascript) (with vue.js is a plus) • Good understanding of equities and equ…"
2025-06-04,Benton Partners,,,"$150,000 - $200,000","Ben Singleton - head of data eng Travis Dunlap - some parallels to peters role. different in that its focused on python package building and tool buildign than pipelines, ncie to have someone w more swe exp than a traditional pipeline building data eng tools - around time series dat and statical related things Jr Enginner someone whose a DS who wants to be an engineer Priority: python Data Sci / stats or time series data not technical standpoint - working directly for building tools for interna…"
2025-10-24,JPMorganChase,,full_time,"$171,000 - $260,000","Description Be an integral part of an agile team that's constantly pushing the envelope to enhance, build, and deliver top-notch technology products. As a Senior Lead Software Engineer at JPMorgan Chase within the Commercial & Investment Bank Markets Data Lake Platform Engineering team, you will be an essential member of an agile team dedicated to enhancing, building, and delivering trusted market-leading technology products in a secure, stable, and scalable manner. You will drive significant b…"
2025-09-27,Who We Are Provenir,,,"$110,455 - $110,455","Who We Are Provenir is a global fintech company with offices across North America, the UK, and Singapore. Provenir helps fintechs, financial institutions, and payment providers make smarter decisions, faster. We are passionate about technology and empowering businesses to become industry leaders. As a leading provider of decisioning and analytics products for financial services and other industries, we empower businesses to create digital-first decisioning solutions that drive business growth. …"
2026-01-26,Clearwater Analytics,,full_time,"$177,724 - $177,724","About Clearwater Analytics® Clearwater Analytics® (CWAN) is a global SaaS solution provider for many markets in investment accounting, analytics and risk management. Clearwater recently acquired Beacon Platform which empowers financial institutions to develop and deploy advanced risk-management solutions, increase transparency and efficiency. The platform consists of our Trading and Risk Management System (TRMS) Suite for cross-asset management of trades, positions and risk, and Trading and Ris…"
2026-01-14,Fidelity,,full_time,"$126,000 - $255,000","Job Description: The Role The Systematic Liquid Alternatives Quant Development team within Fidelity’s Asset Management Technology group is seeking an experienced Director of Quantitative Development to design and deliver high-impact technology solutions for systematic investment strategies. This senior individual contributor role is embedded within the quantitative research team, enabling close collaboration with researchers and portfolio managers to prototype and implement robust, scalable sys…"
2025-07-31,Parker B Associates,permanent,full_time,"$170,000 - $250,000","Senior Machine Learning Engineer New York Permanent $170,000 – $250,000 Our client is a global Insurance business looking for a Senior Machine Learning Engineer to join the team permanently. Wouldn’t it be great to work on AI projects that actually have a big impact? This opportunity is to build advanced insurance capabilities across the enterprise and develop scalable AI solutions. · Do you want to work with a world-class Data & AI team shaping the future of insurance? · Would you like to work…"
2025-09-29,Anthropic,,,"$320,000 - $485,000","About Anthropic Anthropic’s mission is to create reliable, interpretable, and steerable AI systems. We want AI to be safe and beneficial for our users and for society as a whole. Our team is a quickly growing group of committed researchers, engineers, policy experts, and business leaders working together to build beneficial AI systems. About the role Join Anthropic's Languages Team as a Python foundational member shaping how Python is used across one of the world's fastest-growing AI companies.…"
2025-10-19,Amazon,,,"$177,615 - $177,615","Description The Conversational Shopping team is looking for a Language Engineer to drive efficiencies and innovation in its efforts to deliver a seamless, fluent, and engaging experience for AI-assisted shopping. This is an opportunity to join the high-performing team behind Amazon's Generative AI shopping initiatives such as Rufus AI, Amazon's Conversational Shopping assistant. Our objective is to make it easy for customers worldwide to find and discover the best products, meet their personali…"
2025-04-19,Bank of America,,full_time,"$88,800 - $145,000","Job Description: At Bank of America, we are guided by a common purpose to help make financial lives better through the power of every connection. We do this by driving Responsible Growth and delivering for our clients, teammates, communities and shareholders every day. Being a Great Place to Work is core to how we drive Responsible Growth. This includes our commitment to being an inclusive workplace, attracting and developing exceptional talent, supporting our teammates’ physical, emotional, an…"
2026-02-02,Axelon Services Corporation,,,"$85,933 - $85,933","Title: Infrastructure Engineer Location: Jersey City NJ Shift: 8AM - 5PM | Pay: 80 - 85/hr Responsibilities: Provide 24/7 and (when necessary) weekend support for systems involved in the architecture. Function as IBM Websphere MQ administrator . Install MQ environments on Windows and Linux. Create and configure Queue Managers, channels, queues, and other MQ objects. Perform the backup and restore of Queue Managers and related objects. Recover damaged MQ installations and/or Queue Managers. Upgr…"
2025-11-22,Axelon Services Corporation,,,"$87,538 - $87,538","Title : Infrastructure Engineer Location : Jersey City NJ Shift : 8AM - 5PM Pay : $80 - 85/hr on 12months Contract with possible extension Responsibilities: Provide 24/7 and (when necessary) weekend support for systems involved in the architecture. Function as IBM Websphere MQ administrator . Install MQ environments on Windows and Linux. Create and configure Queue Managers, channels, queues, and other MQ objects. Perform the backup and restore of Queue Managers and related objects. Recover dam…"
2026-01-19,Numentica LLC,contract,,"$181,907 - $181,907","J ob Description City: Calabasas, CA/ Las Vegas, NV - Onsite 4 days a week, Duration: 6 months Contract to Hire, C2C or W2 during contract Work Authorization: Green Card or USC only, no H1Bs F1s or EADs. Qualifications : Bachelor’s degree in a related technical field required. 7 years of data engineering or platform development experience. Hands-on experience building Databricks Apps in production. Strong Python, PySpark, and SQL skills. Experience with Azure cloud data services. Familiarity wi…"
2025-11-04,Insight Global,,,"$116,943 - $116,943",Job Description Insight Global is looking for an AI Engineer to join one of the world's leading financial institutions on a remote basis working EST hours. This person will be joining the Machine Learning and Artificial Intelligence team within their Enterprise Technology Operations group. This team is looking to build an Agentic AI solution that automates production support across the entire bank. The team is looking for AI engineers that have taken an existing AI Model and within their organi…
2026-02-03,Business Needs Inc,,,"$131,316 - $131,316","KEY RESPONSIBILITIES Design, build, and maintain modern single-page web applications using React (JavaScript/TypeScript) and Retool for internal tooling and rapid prototyping. Develop backend APIs and services using Node.js with TypeScript, JavaScript, and Java. Collaborate with team members, product managers, and designers to deliver new features and improvements. Integrate with and manage relational databases to ensure data accuracy, performance, and scalability. Write clean, maintainable cod…"
2025-06-26,Horizon Media,,full_time,"$180,000 - $230,000","Job Description Horizon Media , founded in 1989 by Bill Koenigsberg, is recognized as one of the most innovative marketing and advertising firms. We are headquartered in New York City, with offices in Los Angeles and Toronto. A leader in driving business solutions for marketers, Horizon is known for its highly personal approach to client service. Renowned for its incredible culture, Horizon is consistently named to all the prestigious annual Best Places to Work lists published by Fortune, AdAge…"
2025-08-11,Savant Bio,,full_time,"$130,000 - $180,000","About Us: Savant is transforming how healthcare and life sciences organizations unlock the value trapped in unstructured medical data. Our platform combines cutting-edge large language models (LLMs) with domain-specific quality controls to convert free-text clinical records into structured, analysis-ready data — efficiently, accurately, and at scale. We work with leading institutions across healthcare, life sciences, and research, supporting faster studies, sharper insights, and better care. Ba…"
2025-11-12,JPMorgan Chase,,,"$281,275 - $281,275","Our team is responsible for pushing innovations in the Payments space, which is a cornerstone of JPMorgan Chase business. Payments are at the center of the global economy, connecting businesses and consumers around the world. In recent years, the payments industry has experienced rapid innovation with new technologies entering the market. Working in payments ML means being at the forefront of these changes and a potential for a meaningful and lasting impact on global finance. As a Machine Learn…"
2026-01-09,Savant Bio,permanent,full_time,"$130,000 - $180,000","About Us: Savant is transforming how healthcare and life sciences organizations unlock the value trapped in unstructured medical data. Our platform combines cutting-edge large language models (LLMs) with domain-specific quality controls to convert free-text clinical records into structured, analysis-ready data — efficiently, accurately, and at scale. We work with leading institutions across healthcare, life sciences, and research, supporting faster studies, sharper insights, and better care. Ba…"
2025-12-21,JPMorgan Chase,,,"$160,213 - $160,213","J.P. Morgan Asset & Wealth Management is committed to providing exceptional service to our clients and business partners. The Client Skills Training team provides training and equips professionals of all levels with the tools they need to set goals, measure performance benchmarks, and engage in personal development programs, ensuring they are constantly challenged and their career expectations fulfilled. We recognize the importance of continuous professional development for all our AWM professi…"
2025-05-29,Point72,,,"$250,000 - $300,000","ABOUT PROPRIETARY RESEARCH On our proprietary research team—Market Intelligence—you’ll partner with our Investment Professionals and Compliance team to uncover insights about companies, industries, and the broader economy through deep fundamental research and applying data science and engineering techniques to alternative data sets. You’ll work alongside a talented team with diverse skills, backgrounds, and perspectives. Our industry researchers, product managers, and data scientists and engine…"
2025-12-22,Point72,,,"$160,000 - $220,000","ABOUT PROPRIETARY RESEARCH On our proprietary research team—Market Intelligence—you’ll partner with our investment professionals and Compliance team to uncover insights about companies, industries, and the broader economy through deep fundamental research and applying data science and engineering techniques to alternative data sets. You’ll work alongside a talented team with diverse skills, backgrounds, and perspectives. Our researchers, product managers, and data scientists and engineers work …"
2025-09-21,Hudson River Trading,,,"$231,761 - $231,761","Working as a coder at Hudson River Trading (HRT) means working on a small, highly productive, and efficient team. You may see ""trading"" in our name and assume you'll be relegated to some dark corner to code for the ""business,"" but that could not be further from the truth! At HRT, an automated trading firm based in NYC, the code you write *is* our business, so it is everyone's job to make sure our developers have everything they need to do their jobs well. As a member of the AI Tools team, you w…"
2025-12-27,Royal Bank of Canada,,full_time,"$160,522 - $160,522","Job Description Responsible for risk analysis and independent oversight of credit quality of Collateralized Loan Obligations (CLO) Warehouse Lending and Securitization portfolio. Oversee all aspects of CLO Warehousing / Securitization credit quality including internal and regulatory compliance with a key focus on CLO Warehousing (Broadly Syndicated Loans, Middle Market Loans), CLO Credit Underwriting, and Securitization. Establishing and maintaining internal controls that effectively manage ris…"
2026-01-15,TheStaffed,contract,,"$106,605 - $106,605","Our client, a top-tier Management Consulting firm, is seeking a Senior Python and Snowflake Developer to design, build, and optimize scalable data pipelines, develop robust backend services, implement Snowflake data models, and drive end-to-end data engineering solutions. The role involves collaborating with cross-functional teams, enhancing data quality, improving performance, and ensuring secure, efficient delivery of data products across complex business environments Requirements Advanced SQ…"
2026-01-15,Humana,,,"$180,097 - $180,097","Become a part of our caring community and help us put health first We are seeking Lead AI Engineers who has extensive hands-on experience developing Python-based applications intended for use by others, beyond just building models or conducting data analysis. The traditional candidate will have a strong background in both traditional machine learning and emerging generative AI technologies. As a Lead AI Engineer, you will play a key role in developing and deploying innovative AI-powered solutio…"
2026-01-06,"Brains Workgroup, Inc.",,,"$133,010 - $133,010","Our client, a major bank in New York City, is looking for hands-on Java Developer - Front Office This role is hybrid commute (2/3 days office/home) This is 6-12 months contract with possible extensions or option to hire Must be authorized to work for ANY employer in US - NO H1 Visa support for this role Rate: $95-103/h on W2 DOE, possible C2C as well Senior Java Developer - Front Office Job Description: 100% hands-on Front Office Java Developer (with Python as a plus), with good understanding …"
2026-02-02,Point72,contract,,"$100,347 - $100,347","ABOUT PROPRIETARY RESEARCH On our proprietary research team—Market Intelligence—you’ll partner with our Investment Professionals and Compliance to uncover insights about companies, industries, and the broader economy through deep fundamental research and applying data science and engineering techniques to alternative data sets. You’ll work alongside a talented team with diverse skills, backgrounds, and perspectives. Our industry researchers, product managers, and data scientists and engineers w…"
2025-10-29,Channel Factory,,full_time,"$130,000 - $150,000","Channel Factory provides intelligent marketing solutions for the next generation of contextual safety, suitability, and performance for brands and agencies. Our platform helps marketers implement, automate, and scale their marketing programs across the world’s largest video library, YouTube and emerging growth channels. We sit at the intersection of marketing and suitability and have a mission of enabling the world’s top brands to consciously connect with the right audience in the right context…"
2026-01-16,Realtech Services,,,"$123,026 - $123,026","Job Role: Senior Software Developer( Java) Location: NYC, NY (Hybrid) Job Description: Here are some criteria I am looking for. 100% hands-on Front Office Java Developer (with python is a plus), with good understanding of backend and front-end technologies (e.g. html, css, javascript) (with vue.js is a plus) Good understanding of equities and equity derivatives product; trading workflow (with FIX protocol) Experience with developing trading platforms (For example: Order Management system, Stock…"
2026-01-17,Skidmore Owings & Merrill,,full_time,"$140,000 - $160,000","At SOM, we are a collective committed to shaping a better future for our clients, communities and planet. We aspire to create the most sustainable, impactful work through creative, interdisciplinary teams with all the resources and diversity of a global fi rm. We value those who are passionate about excellence, innovation, integrity, inclusivity, and collaboration. Together we can achieve great things. Success at SOM Means Ideas: Our highest aspirations go beyond known solutions and models. We …"
2025-10-21,Man Group,,,"$141,330 - $141,330","About Man Group Man Group is a global alternative investment management firm focused on pursuing outperformance for sophisticated clients via our Systematic, Discretionary and Solutions offerings. Powered by talent and advanced technology, our single and multi-manager investment strategies are underpinned by deep research and span public and private markets, across all major asset classes, with a significant focus on alternatives. Man Group takes a partnership approach to working with clients, …"
